Example 1	1	Description 1
Example 2	2	Description 2
Example 3	3	Description 3
Example 4	4	Description 4
Example 5	5	Description 5
Example 6	6	Description 6
Example 7	7	Description 7
Example 8	8	Description 8
Example 9	9	Description 9
Example 10	10	Description 10
Example 11	11	Description 11
Example 12	12	Description 12
Example 13	13	Description 13
Example 14	14	Description 14
Example 15	15	Description 15
Example 16	16	Description 16
Example 17	17	Description 17
Example 18	18	Description 18
Example 19	19	Description 19
Example 20	20	Description 20
Example 21	21	Description 21
Example 22	22	Description 22
Example 23	23	Description 23
Example 24	24	Description 24
Example 25	25	Description 25
Example 26	26	Description 26
Example 27	27	Description 27
Example 28	28	Description 28
Example 29	29	Description 29
Example 30	30	Description 30
Example 31	31	Description 31
Example 32	32	Description 32
Example 33	33	Description 33
Example 34	34	Description 34
Example 35	35	Description 35
Example 36	36	Description 36
Example 37	37	Description 37
Example 38	38	Description 38
Example 39	39	Description 39
Example 40	40	Description 40
Example 41	41	Description 41
Example 42	42	Description 42
Example 43	43	Description 43
Example 44	44	Description 44
Example 45	45	Description 45
Example 46	46	Description 46
Example 47	47	Description 47
Example 48	48	Description 48
Example 49	49	Description 49
Example 50	50	Description 50
Example 51	51	Description 51
Example 52	52	Description 52
Example 53	53	Description 53
Example 54	54	Description 54
Example 55	55	Description 55
Example 56	56	Description 56
Example 57	57	Description 57
Example 58	58	Description 58
Example 59	59	Description 59
Example 60	60	Description 60
Example 61	61	Description 61
Example 62	62	Description 62
Example 63	63	Description 63
Example 64	64	Description 64
Example 65	65	Description 65
Example 66	66	Description 66
Example 67	67	Description 67
Example 68	68	Description 68
Example 69	69	Description 69
Example 70	70	Description 70
Example 71	71	Description 71
Example 72	72	Description 72
Example 73	73	Description 73
Example 74	74	Description 74
Example 75	75	Description 75
Example 76	76	Description 76
Example 77	77	Description 77
Example 78	78	Description 78
Example 79	79	Description 79
Example 80	80	Description 80
Example 81	81	Description 81
Example 82	82	Description 82
Example 83	83	Description 83
Example 84	84	Description 84
Example 85	85	Description 85
Example 86	86	Description 86
Example 87	87	Description 87
Example 88	88	Description 88
Example 89	89	Description 89
Example 90	90	Description 90
Example 91	91	Description 91
Example 92	92	Description 92
Example 93	93	Description 93
Example 94	94	Description 94
Example 95	95	Description 95
Example 96	96	Description 96
Example 97	97	Description 97
Example 98	98	Description 98
Example 99	99	Description 99
Example 100	100	Description 100